href_value,contact_id
https://app.nomination.fr/contact/91,91
https://app.nomination.fr/contact/488,488
https://app.nomination.fr/contact/6457,6457
https://app.nomination.fr/contact/8142,8142
https://app.nomination.fr/contact/14338,14338
https://app.nomination.fr/contact/16736,16736
https://app.nomination.fr/contact/20354,20354
https://app.nomination.fr/contact/35752,35752
https://app.nomination.fr/contact/44904,44904
https://app.nomination.fr/contact/49556,49556
https://app.nomination.fr/contact/55046,55046
https://app.nomination.fr/contact/71964,71964
https://app.nomination.fr/contact/72287,72287
https://app.nomination.fr/contact/74505,74505
https://app.nomination.fr/contact/85343,85343
https://app.nomination.fr/contact/106633,106633
https://app.nomination.fr/contact/109594,109594
https://app.nomination.fr/contact/116646,116646
https://app.nomination.fr/contact/128510,128510
https://app.nomination.fr/contact/130620,130620
https://app.nomination.fr/contact/130931,130931
https://app.nomination.fr/contact/134758,134758
https://app.nomination.fr/contact/136722,136722
https://app.nomination.fr/contact/144955,144955
https://app.nomination.fr/contact/151949,151949
https://app.nomination.fr/contact/152555,152555
https://app.nomination.fr/contact/161924,161924
https://app.nomination.fr/contact/191418,191418
https://app.nomination.fr/contact/200146,200146
https://app.nomination.fr/contact/205585,205585
https://app.nomination.fr/contact/205678,205678
https://app.nomination.fr/contact/223056,223056
https://app.nomination.fr/contact/225140,225140
https://app.nomination.fr/contact/226280,226280
https://app.nomination.fr/contact/233413,233413
https://app.nomination.fr/contact/239056,239056
https://app.nomination.fr/contact/239123,239123
https://app.nomination.fr/contact/239133,239133
https://app.nomination.fr/contact/242330,242330
https://app.nomination.fr/contact/242366,242366
https://app.nomination.fr/contact/243991,243991
https://app.nomination.fr/contact/244285,244285
https://app.nomination.fr/contact/244709,244709
https://app.nomination.fr/contact/245094,245094
https://app.nomination.fr/contact/245967,245967
https://app.nomination.fr/contact/246816,246816
https://app.nomination.fr/contact/255068,255068
https://app.nomination.fr/contact/256468,256468
https://app.nomination.fr/contact/257816,257816
https://app.nomination.fr/contact/259859,259859
https://app.nomination.fr/contact/261909,261909
https://app.nomination.fr/contact/262911,262911
https://app.nomination.fr/contact/264261,264261
https://app.nomination.fr/contact/264548,264548
https://app.nomination.fr/contact/264729,264729
https://app.nomination.fr/contact/265154,265154
https://app.nomination.fr/contact/265202,265202
https://app.nomination.fr/contact/265375,265375
https://app.nomination.fr/contact/266305,266305
https://app.nomination.fr/contact/266452,266452
https://app.nomination.fr/contact/270710,270710
https://app.nomination.fr/contact/271294,271294
https://app.nomination.fr/contact/274219,274219
https://app.nomination.fr/contact/274249,274249
https://app.nomination.fr/contact/274987,274987
https://app.nomination.fr/contact/277534,277534
https://app.nomination.fr/contact/278908,278908
https://app.nomination.fr/contact/279681,279681
https://app.nomination.fr/contact/284003,284003
https://app.nomination.fr/contact/285064,285064
https://app.nomination.fr/contact/286646,286646
https://app.nomination.fr/contact/286743,286743
https://app.nomination.fr/contact/286879,286879
https://app.nomination.fr/contact/287676,287676
https://app.nomination.fr/contact/289626,289626
https://app.nomination.fr/contact/293398,293398
https://app.nomination.fr/contact/302705,302705
https://app.nomination.fr/contact/303812,303812
https://app.nomination.fr/contact/305669,305669
https://app.nomination.fr/contact/307517,307517
https://app.nomination.fr/contact/308124,308124
https://app.nomination.fr/contact/311055,311055
https://app.nomination.fr/contact/311800,311800
https://app.nomination.fr/contact/311983,311983
https://app.nomination.fr/contact/312605,312605
https://app.nomination.fr/contact/312861,312861
https://app.nomination.fr/contact/314548,314548
https://app.nomination.fr/contact/316670,316670
https://app.nomination.fr/contact/316962,316962
https://app.nomination.fr/contact/317891,317891
https://app.nomination.fr/contact/319118,319118
https://app.nomination.fr/contact/319270,319270
https://app.nomination.fr/contact/320157,320157
https://app.nomination.fr/contact/323767,323767
https://app.nomination.fr/contact/325821,325821
https://app.nomination.fr/contact/325921,325921
https://app.nomination.fr/contact/326587,326587
https://app.nomination.fr/contact/327348,327348
https://app.nomination.fr/contact/327929,327929
https://app.nomination.fr/contact/327931,327931
https://app.nomination.fr/contact/328829,328829
https://app.nomination.fr/contact/334048,334048
https://app.nomination.fr/contact/334229,334229
https://app.nomination.fr/contact/334359,334359
https://app.nomination.fr/contact/336725,336725
https://app.nomination.fr/contact/337144,337144
https://app.nomination.fr/contact/337871,337871
https://app.nomination.fr/contact/338784,338784
https://app.nomination.fr/contact/341536,341536
https://app.nomination.fr/contact/343596,343596
https://app.nomination.fr/contact/344352,344352
https://app.nomination.fr/contact/348601,348601
https://app.nomination.fr/contact/353723,353723
https://app.nomination.fr/contact/360422,360422
https://app.nomination.fr/contact/363171,363171
https://app.nomination.fr/contact/363804,363804
https://app.nomination.fr/contact/363908,363908
https://app.nomination.fr/contact/364569,364569
https://app.nomination.fr/contact/364866,364866
https://app.nomination.fr/contact/365642,365642
https://app.nomination.fr/contact/365921,365921
https://app.nomination.fr/contact/365924,365924
https://app.nomination.fr/contact/365925,365925
https://app.nomination.fr/contact/365926,365926
https://app.nomination.fr/contact/365951,365951
https://app.nomination.fr/contact/370952,370952
https://app.nomination.fr/contact/370957,370957
https://app.nomination.fr/contact/373379,373379
https://app.nomination.fr/contact/373708,373708
https://app.nomination.fr/contact/374754,374754
https://app.nomination.fr/contact/379961,379961
https://app.nomination.fr/contact/380056,380056
https://app.nomination.fr/contact/382951,382951
https://app.nomination.fr/contact/384916,384916
https://app.nomination.fr/contact/386217,386217
https://app.nomination.fr/contact/386546,386546
https://app.nomination.fr/contact/387382,387382
https://app.nomination.fr/contact/388564,388564
https://app.nomination.fr/contact/388566,388566
https://app.nomination.fr/contact/388570,388570
https://app.nomination.fr/contact/388642,388642
https://app.nomination.fr/contact/388752,388752
https://app.nomination.fr/contact/389866,389866
https://app.nomination.fr/contact/391964,391964
https://app.nomination.fr/contact/392145,392145
https://app.nomination.fr/contact/393762,393762
https://app.nomination.fr/contact/393793,393793
https://app.nomination.fr/contact/394983,394983
https://app.nomination.fr/contact/395581,395581
https://app.nomination.fr/contact/395728,395728
https://app.nomination.fr/contact/395808,395808
https://app.nomination.fr/contact/396737,396737
https://app.nomination.fr/contact/396833,396833
https://app.nomination.fr/contact/396834,396834
https://app.nomination.fr/contact/396840,396840
https://app.nomination.fr/contact/397337,397337
https://app.nomination.fr/contact/397937,397937
https://app.nomination.fr/contact/398691,398691
https://app.nomination.fr/contact/400442,400442
https://app.nomination.fr/contact/402287,402287
https://app.nomination.fr/contact/402289,402289
https://app.nomination.fr/contact/402431,402431
https://app.nomination.fr/contact/402446,402446
https://app.nomination.fr/contact/402588,402588
https://app.nomination.fr/contact/404866,404866
https://app.nomination.fr/contact/406015,406015
https://app.nomination.fr/contact/407501,407501
https://app.nomination.fr/contact/411402,411402
https://app.nomination.fr/contact/411555,411555
https://app.nomination.fr/contact/411651,411651
https://app.nomination.fr/contact/412470,412470
https://app.nomination.fr/contact/412697,412697
https://app.nomination.fr/contact/412710,412710
https://app.nomination.fr/contact/413223,413223
https://app.nomination.fr/contact/413420,413420
https://app.nomination.fr/contact/416122,416122
https://app.nomination.fr/contact/416700,416700
https://app.nomination.fr/contact/416781,416781
https://app.nomination.fr/contact/416978,416978
https://app.nomination.fr/contact/417156,417156
https://app.nomination.fr/contact/417339,417339
https://app.nomination.fr/contact/417353,417353
https://app.nomination.fr/contact/418212,418212
https://app.nomination.fr/contact/418213,418213
https://app.nomination.fr/contact/420515,420515
https://app.nomination.fr/contact/420517,420517
https://app.nomination.fr/contact/420540,420540
https://app.nomination.fr/contact/420848,420848
https://app.nomination.fr/contact/421028,421028
https://app.nomination.fr/contact/421177,421177
https://app.nomination.fr/contact/421179,421179
https://app.nomination.fr/contact/421180,421180
https://app.nomination.fr/contact/423024,423024
https://app.nomination.fr/contact/424434,424434
https://app.nomination.fr/contact/426194,426194
https://app.nomination.fr/contact/427927,427927
https://app.nomination.fr/contact/428252,428252
https://app.nomination.fr/contact/428867,428867
https://app.nomination.fr/contact/429799,429799
https://app.nomination.fr/contact/429815,429815
https://app.nomination.fr/contact/433744,433744
https://app.nomination.fr/contact/434355,434355
https://app.nomination.fr/contact/435159,435159
https://app.nomination.fr/contact/437072,437072
https://app.nomination.fr/contact/437409,437409
https://app.nomination.fr/contact/437849,437849
https://app.nomination.fr/contact/440022,440022
https://app.nomination.fr/contact/440420,440420
https://app.nomination.fr/contact/444895,444895
https://app.nomination.fr/contact/448419,448419
https://app.nomination.fr/contact/448946,448946
https://app.nomination.fr/contact/449644,449644
https://app.nomination.fr/contact/449890,449890
https://app.nomination.fr/contact/450529,450529
https://app.nomination.fr/contact/450659,450659
https://app.nomination.fr/contact/451519,451519
https://app.nomination.fr/contact/451907,451907
https://app.nomination.fr/contact/453034,453034
https://app.nomination.fr/contact/453210,453210
https://app.nomination.fr/contact/453345,453345
https://app.nomination.fr/contact/453572,453572
https://app.nomination.fr/contact/453586,453586
https://app.nomination.fr/contact/453629,453629
https://app.nomination.fr/contact/453929,453929
https://app.nomination.fr/contact/454199,454199
https://app.nomination.fr/contact/454355,454355
https://app.nomination.fr/contact/454470,454470
https://app.nomination.fr/contact/454490,454490
https://app.nomination.fr/contact/455195,455195
https://app.nomination.fr/contact/455231,455231
https://app.nomination.fr/contact/455500,455500
https://app.nomination.fr/contact/455693,455693
https://app.nomination.fr/contact/455726,455726
https://app.nomination.fr/contact/456104,456104
https://app.nomination.fr/contact/456173,456173
https://app.nomination.fr/contact/456269,456269
https://app.nomination.fr/contact/456290,456290
https://app.nomination.fr/contact/456710,456710
https://app.nomination.fr/contact/456935,456935
https://app.nomination.fr/contact/457579,457579
https://app.nomination.fr/contact/457694,457694
https://app.nomination.fr/contact/459159,459159
https://app.nomination.fr/contact/459268,459268
https://app.nomination.fr/contact/459688,459688
https://app.nomination.fr/contact/461034,461034
https://app.nomination.fr/contact/461162,461162
https://app.nomination.fr/contact/461548,461548
https://app.nomination.fr/contact/461651,461651
https://app.nomination.fr/contact/461674,461674
https://app.nomination.fr/contact/461693,461693
https://app.nomination.fr/contact/461895,461895
https://app.nomination.fr/contact/462083,462083
https://app.nomination.fr/contact/464027,464027
https://app.nomination.fr/contact/465905,465905
https://app.nomination.fr/contact/470193,470193
https://app.nomination.fr/contact/471089,471089
https://app.nomination.fr/contact/472561,472561
https://app.nomination.fr/contact/473067,473067
https://app.nomination.fr/contact/473097,473097
https://app.nomination.fr/contact/473386,473386
https://app.nomination.fr/contact/473615,473615
https://app.nomination.fr/contact/474174,474174
https://app.nomination.fr/contact/474884,474884
https://app.nomination.fr/contact/475320,475320
https://app.nomination.fr/contact/476474,476474
https://app.nomination.fr/contact/476827,476827
https://app.nomination.fr/contact/477322,477322
https://app.nomination.fr/contact/477413,477413
https://app.nomination.fr/contact/478374,478374
https://app.nomination.fr/contact/480152,480152
https://app.nomination.fr/contact/480512,480512
https://app.nomination.fr/contact/481581,481581
https://app.nomination.fr/contact/482072,482072
https://app.nomination.fr/contact/482610,482610
https://app.nomination.fr/contact/482792,482792
https://app.nomination.fr/contact/482882,482882
https://app.nomination.fr/contact/482917,482917
https://app.nomination.fr/contact/482982,482982
https://app.nomination.fr/contact/483192,483192
https://app.nomination.fr/contact/483248,483248
https://app.nomination.fr/contact/483651,483651
https://app.nomination.fr/contact/484747,484747
https://app.nomination.fr/contact/485027,485027
https://app.nomination.fr/contact/485045,485045
https://app.nomination.fr/contact/485146,485146
https://app.nomination.fr/contact/488967,488967
https://app.nomination.fr/contact/489229,489229
https://app.nomination.fr/contact/489241,489241
https://app.nomination.fr/contact/492216,492216
https://app.nomination.fr/contact/492224,492224
https://app.nomination.fr/contact/492364,492364
https://app.nomination.fr/contact/493030,493030
https://app.nomination.fr/contact/494821,494821
https://app.nomination.fr/contact/497800,497800
https://app.nomination.fr/contact/498051,498051
https://app.nomination.fr/contact/498201,498201
https://app.nomination.fr/contact/499454,499454
https://app.nomination.fr/contact/503161,503161
https://app.nomination.fr/contact/504788,504788
https://app.nomination.fr/contact/505353,505353
https://app.nomination.fr/contact/505793,505793
https://app.nomination.fr/contact/506275,506275
https://app.nomination.fr/contact/506721,506721
https://app.nomination.fr/contact/507339,507339
https://app.nomination.fr/contact/507644,507644
https://app.nomination.fr/contact/507767,507767
https://app.nomination.fr/contact/508885,508885
https://app.nomination.fr/contact/508886,508886
https://app.nomination.fr/contact/508887,508887
https://app.nomination.fr/contact/508888,508888
https://app.nomination.fr/contact/508889,508889
https://app.nomination.fr/contact/508890,508890
https://app.nomination.fr/contact/508891,508891
https://app.nomination.fr/contact/509010,509010
