href_value,contact_id
https://app.nomination.fr/contact/509011,509011
https://app.nomination.fr/contact/509230,509230
https://app.nomination.fr/contact/509231,509231
https://app.nomination.fr/contact/509234,509234
https://app.nomination.fr/contact/509530,509530
https://app.nomination.fr/contact/509532,509532
https://app.nomination.fr/contact/509534,509534
https://app.nomination.fr/contact/510771,510771
https://app.nomination.fr/contact/511739,511739
https://app.nomination.fr/contact/512738,512738
https://app.nomination.fr/contact/513864,513864
https://app.nomination.fr/contact/514092,514092
https://app.nomination.fr/contact/515010,515010
https://app.nomination.fr/contact/515737,515737
https://app.nomination.fr/contact/516266,516266
https://app.nomination.fr/contact/516351,516351
https://app.nomination.fr/contact/517713,517713
https://app.nomination.fr/contact/517949,517949
https://app.nomination.fr/contact/519567,519567
https://app.nomination.fr/contact/521960,521960
https://app.nomination.fr/contact/522203,522203
https://app.nomination.fr/contact/523514,523514
https://app.nomination.fr/contact/523592,523592
https://app.nomination.fr/contact/523865,523865
https://app.nomination.fr/contact/524234,524234
https://app.nomination.fr/contact/524236,524236
https://app.nomination.fr/contact/524402,524402
https://app.nomination.fr/contact/524416,524416
https://app.nomination.fr/contact/526128,526128
https://app.nomination.fr/contact/526133,526133
https://app.nomination.fr/contact/526199,526199
https://app.nomination.fr/contact/526477,526477
https://app.nomination.fr/contact/526519,526519
https://app.nomination.fr/contact/526717,526717
https://app.nomination.fr/contact/527006,527006
https://app.nomination.fr/contact/527994,527994
https://app.nomination.fr/contact/529188,529188
https://app.nomination.fr/contact/529277,529277
https://app.nomination.fr/contact/529788,529788
https://app.nomination.fr/contact/529834,529834
https://app.nomination.fr/contact/530038,530038
https://app.nomination.fr/contact/530274,530274
https://app.nomination.fr/contact/531511,531511
https://app.nomination.fr/contact/532113,532113
https://app.nomination.fr/contact/534355,534355
https://app.nomination.fr/contact/535005,535005
https://app.nomination.fr/contact/535625,535625
https://app.nomination.fr/contact/535822,535822
https://app.nomination.fr/contact/535863,535863
https://app.nomination.fr/contact/535972,535972
https://app.nomination.fr/contact/536150,536150
https://app.nomination.fr/contact/536164,536164
https://app.nomination.fr/contact/536406,536406
https://app.nomination.fr/contact/536518,536518
https://app.nomination.fr/contact/536621,536621
https://app.nomination.fr/contact/536706,536706
https://app.nomination.fr/contact/536766,536766
https://app.nomination.fr/contact/536910,536910
https://app.nomination.fr/contact/537572,537572
https://app.nomination.fr/contact/537762,537762
https://app.nomination.fr/contact/537772,537772
https://app.nomination.fr/contact/538083,538083
https://app.nomination.fr/contact/538441,538441
https://app.nomination.fr/contact/538490,538490
https://app.nomination.fr/contact/538662,538662
https://app.nomination.fr/contact/538911,538911
https://app.nomination.fr/contact/539389,539389
https://app.nomination.fr/contact/540606,540606
https://app.nomination.fr/contact/540683,540683
https://app.nomination.fr/contact/541095,541095
https://app.nomination.fr/contact/541570,541570
https://app.nomination.fr/contact/541899,541899
https://app.nomination.fr/contact/542842,542842
https://app.nomination.fr/contact/542878,542878
https://app.nomination.fr/contact/542880,542880
https://app.nomination.fr/contact/542983,542983
https://app.nomination.fr/contact/542984,542984
https://app.nomination.fr/contact/543278,543278
https://app.nomination.fr/contact/543573,543573
https://app.nomination.fr/contact/543786,543786
https://app.nomination.fr/contact/544296,544296
https://app.nomination.fr/contact/544366,544366
https://app.nomination.fr/contact/544466,544466
https://app.nomination.fr/contact/544499,544499
https://app.nomination.fr/contact/544681,544681
https://app.nomination.fr/contact/545099,545099
https://app.nomination.fr/contact/545179,545179
https://app.nomination.fr/contact/545249,545249
https://app.nomination.fr/contact/545311,545311
https://app.nomination.fr/contact/545316,545316
https://app.nomination.fr/contact/545406,545406
https://app.nomination.fr/contact/545664,545664
https://app.nomination.fr/contact/545692,545692
https://app.nomination.fr/contact/545780,545780
https://app.nomination.fr/contact/545854,545854
https://app.nomination.fr/contact/546037,546037
https://app.nomination.fr/contact/546361,546361
https://app.nomination.fr/contact/547144,547144
https://app.nomination.fr/contact/547401,547401
https://app.nomination.fr/contact/547577,547577
https://app.nomination.fr/contact/547751,547751
https://app.nomination.fr/contact/548301,548301
https://app.nomination.fr/contact/548424,548424
https://app.nomination.fr/contact/549184,549184
https://app.nomination.fr/contact/549289,549289
https://app.nomination.fr/contact/549344,549344
https://app.nomination.fr/contact/549441,549441
https://app.nomination.fr/contact/549480,549480
https://app.nomination.fr/contact/549502,549502
https://app.nomination.fr/contact/549646,549646
https://app.nomination.fr/contact/549696,549696
https://app.nomination.fr/contact/549753,549753
https://app.nomination.fr/contact/549921,549921
https://app.nomination.fr/contact/550078,550078
https://app.nomination.fr/contact/550299,550299
https://app.nomination.fr/contact/550307,550307
https://app.nomination.fr/contact/550393,550393
https://app.nomination.fr/contact/550652,550652
https://app.nomination.fr/contact/551121,551121
https://app.nomination.fr/contact/551661,551661
https://app.nomination.fr/contact/552687,552687
https://app.nomination.fr/contact/553416,553416
https://app.nomination.fr/contact/554381,554381
https://app.nomination.fr/contact/554733,554733
https://app.nomination.fr/contact/554766,554766
https://app.nomination.fr/contact/554892,554892
https://app.nomination.fr/contact/555213,555213
https://app.nomination.fr/contact/555312,555312
https://app.nomination.fr/contact/555664,555664
https://app.nomination.fr/contact/556136,556136
https://app.nomination.fr/contact/556578,556578
https://app.nomination.fr/contact/556829,556829
https://app.nomination.fr/contact/556875,556875
https://app.nomination.fr/contact/557233,557233
https://app.nomination.fr/contact/557729,557729
https://app.nomination.fr/contact/558122,558122
https://app.nomination.fr/contact/558154,558154
https://app.nomination.fr/contact/558190,558190
https://app.nomination.fr/contact/558561,558561
https://app.nomination.fr/contact/559645,559645
https://app.nomination.fr/contact/560349,560349
https://app.nomination.fr/contact/563297,563297
https://app.nomination.fr/contact/564043,564043
https://app.nomination.fr/contact/565169,565169
https://app.nomination.fr/contact/566062,566062
https://app.nomination.fr/contact/568988,568988
https://app.nomination.fr/contact/569030,569030
https://app.nomination.fr/contact/569154,569154
https://app.nomination.fr/contact/570580,570580
https://app.nomination.fr/contact/570698,570698
https://app.nomination.fr/contact/571484,571484
https://app.nomination.fr/contact/574600,574600
https://app.nomination.fr/contact/576650,576650
https://app.nomination.fr/contact/576660,576660
https://app.nomination.fr/contact/576678,576678
https://app.nomination.fr/contact/578625,578625
https://app.nomination.fr/contact/579225,579225
https://app.nomination.fr/contact/582799,582799
https://app.nomination.fr/contact/582979,582979
https://app.nomination.fr/contact/583337,583337
https://app.nomination.fr/contact/584289,584289
https://app.nomination.fr/contact/584933,584933
https://app.nomination.fr/contact/585377,585377
https://app.nomination.fr/contact/585625,585625
https://app.nomination.fr/contact/585925,585925
https://app.nomination.fr/contact/586073,586073
https://app.nomination.fr/contact/586483,586483
https://app.nomination.fr/contact/586933,586933
https://app.nomination.fr/contact/586959,586959
https://app.nomination.fr/contact/587129,587129
https://app.nomination.fr/contact/587467,587467
https://app.nomination.fr/contact/588575,588575
https://app.nomination.fr/contact/588673,588673
https://app.nomination.fr/contact/591529,591529
https://app.nomination.fr/contact/593015,593015
https://app.nomination.fr/contact/593121,593121
https://app.nomination.fr/contact/593231,593231
https://app.nomination.fr/contact/593237,593237
https://app.nomination.fr/contact/593399,593399
https://app.nomination.fr/contact/593953,593953
https://app.nomination.fr/contact/594349,594349
https://app.nomination.fr/contact/594361,594361
https://app.nomination.fr/contact/596125,596125
https://app.nomination.fr/contact/596177,596177
https://app.nomination.fr/contact/596291,596291
https://app.nomination.fr/contact/598543,598543
https://app.nomination.fr/contact/598547,598547
https://app.nomination.fr/contact/598569,598569
https://app.nomination.fr/contact/598865,598865
https://app.nomination.fr/contact/600115,600115
https://app.nomination.fr/contact/601045,601045
https://app.nomination.fr/contact/601699,601699
https://app.nomination.fr/contact/603589,603589
https://app.nomination.fr/contact/603615,603615
https://app.nomination.fr/contact/604335,604335
https://app.nomination.fr/contact/604723,604723
https://app.nomination.fr/contact/607827,607827
https://app.nomination.fr/contact/608311,608311
https://app.nomination.fr/contact/611501,611501
https://app.nomination.fr/contact/612319,612319
https://app.nomination.fr/contact/612689,612689
https://app.nomination.fr/contact/613133,613133
https://app.nomination.fr/contact/613139,613139
https://app.nomination.fr/contact/613141,613141
https://app.nomination.fr/contact/613523,613523
https://app.nomination.fr/contact/613709,613709
https://app.nomination.fr/contact/613959,613959
https://app.nomination.fr/contact/615011,615011
https://app.nomination.fr/contact/615135,615135
https://app.nomination.fr/contact/615585,615585
https://app.nomination.fr/contact/615769,615769
https://app.nomination.fr/contact/616859,616859
https://app.nomination.fr/contact/617255,617255
https://app.nomination.fr/contact/617319,617319
https://app.nomination.fr/contact/617427,617427
https://app.nomination.fr/contact/617603,617603
https://app.nomination.fr/contact/618783,618783
https://app.nomination.fr/contact/619643,619643
https://app.nomination.fr/contact/619843,619843
https://app.nomination.fr/contact/619845,619845
https://app.nomination.fr/contact/620021,620021
https://app.nomination.fr/contact/620401,620401
https://app.nomination.fr/contact/620447,620447
https://app.nomination.fr/contact/620461,620461
https://app.nomination.fr/contact/621219,621219
https://app.nomination.fr/contact/621855,621855
https://app.nomination.fr/contact/621861,621861
https://app.nomination.fr/contact/622399,622399
https://app.nomination.fr/contact/623085,623085
https://app.nomination.fr/contact/624667,624667
https://app.nomination.fr/contact/625297,625297
https://app.nomination.fr/contact/625301,625301
https://app.nomination.fr/contact/625305,625305
https://app.nomination.fr/contact/625431,625431
https://app.nomination.fr/contact/625433,625433
https://app.nomination.fr/contact/625501,625501
https://app.nomination.fr/contact/625711,625711
https://app.nomination.fr/contact/628129,628129
https://app.nomination.fr/contact/628999,628999
https://app.nomination.fr/contact/632325,632325
https://app.nomination.fr/contact/632859,632859
https://app.nomination.fr/contact/632863,632863
https://app.nomination.fr/contact/632865,632865
https://app.nomination.fr/contact/632867,632867
https://app.nomination.fr/contact/632871,632871
https://app.nomination.fr/contact/633051,633051
https://app.nomination.fr/contact/633061,633061
https://app.nomination.fr/contact/637721,637721
https://app.nomination.fr/contact/639885,639885
https://app.nomination.fr/contact/641815,641815
https://app.nomination.fr/contact/642201,642201
https://app.nomination.fr/contact/642525,642525
https://app.nomination.fr/contact/642739,642739
https://app.nomination.fr/contact/642777,642777
https://app.nomination.fr/contact/642871,642871
https://app.nomination.fr/contact/643451,643451
https://app.nomination.fr/contact/644199,644199
https://app.nomination.fr/contact/645053,645053
https://app.nomination.fr/contact/645279,645279
https://app.nomination.fr/contact/646045,646045
https://app.nomination.fr/contact/646113,646113
https://app.nomination.fr/contact/646971,646971
https://app.nomination.fr/contact/647005,647005
https://app.nomination.fr/contact/647101,647101
https://app.nomination.fr/contact/647621,647621
https://app.nomination.fr/contact/647823,647823
https://app.nomination.fr/contact/648997,648997
https://app.nomination.fr/contact/652437,652437
https://app.nomination.fr/contact/652573,652573
https://app.nomination.fr/contact/652929,652929
https://app.nomination.fr/contact/652997,652997
https://app.nomination.fr/contact/653855,653855
https://app.nomination.fr/contact/654251,654251
https://app.nomination.fr/contact/654431,654431
https://app.nomination.fr/contact/654717,654717
https://app.nomination.fr/contact/656868,656868
https://app.nomination.fr/contact/657516,657516
https://app.nomination.fr/contact/658190,658190
https://app.nomination.fr/contact/660070,660070
https://app.nomination.fr/contact/660650,660650
https://app.nomination.fr/contact/662190,662190
https://app.nomination.fr/contact/662617,662617
https://app.nomination.fr/contact/662619,662619
https://app.nomination.fr/contact/663841,663841
https://app.nomination.fr/contact/663845,663845
https://app.nomination.fr/contact/663899,663899
https://app.nomination.fr/contact/664459,664459
https://app.nomination.fr/contact/664899,664899
https://app.nomination.fr/contact/665425,665425
https://app.nomination.fr/contact/665429,665429
https://app.nomination.fr/contact/666569,666569
https://app.nomination.fr/contact/666697,666697
https://app.nomination.fr/contact/667267,667267
https://app.nomination.fr/contact/667489,667489
https://app.nomination.fr/contact/667805,667805
https://app.nomination.fr/contact/668429,668429
https://app.nomination.fr/contact/670431,670431
https://app.nomination.fr/contact/671433,671433
https://app.nomination.fr/contact/671601,671601
https://app.nomination.fr/contact/671673,671673
https://app.nomination.fr/contact/672087,672087
https://app.nomination.fr/contact/672119,672119
https://app.nomination.fr/contact/672223,672223
https://app.nomination.fr/contact/672473,672473
https://app.nomination.fr/contact/672517,672517
https://app.nomination.fr/contact/672543,672543
https://app.nomination.fr/contact/672893,672893
https://app.nomination.fr/contact/673059,673059
https://app.nomination.fr/contact/674075,674075
https://app.nomination.fr/contact/674099,674099
https://app.nomination.fr/contact/674537,674537
https://app.nomination.fr/contact/675049,675049
https://app.nomination.fr/contact/675283,675283
https://app.nomination.fr/contact/676055,676055
https://app.nomination.fr/contact/677117,677117
https://app.nomination.fr/contact/677179,677179
https://app.nomination.fr/contact/677683,677683
https://app.nomination.fr/contact/678735,678735
https://app.nomination.fr/contact/679569,679569
https://app.nomination.fr/contact/679767,679767
https://app.nomination.fr/contact/679769,679769
https://app.nomination.fr/contact/681017,681017
https://app.nomination.fr/contact/683001,683001
https://app.nomination.fr/contact/683049,683049
https://app.nomination.fr/contact/683117,683117
https://app.nomination.fr/contact/684473,684473
https://app.nomination.fr/contact/684607,684607
https://app.nomination.fr/contact/684975,684975
https://app.nomination.fr/contact/685339,685339
https://app.nomination.fr/contact/685633,685633
https://app.nomination.fr/contact/685993,685993
https://app.nomination.fr/contact/686713,686713
https://app.nomination.fr/contact/686751,686751
https://app.nomination.fr/contact/686895,686895
https://app.nomination.fr/contact/687229,687229
https://app.nomination.fr/contact/687411,687411
https://app.nomination.fr/contact/687605,687605
https://app.nomination.fr/contact/689607,689607
https://app.nomination.fr/contact/690645,690645
https://app.nomination.fr/contact/691921,691921
https://app.nomination.fr/contact/694707,694707
https://app.nomination.fr/contact/697353,697353
https://app.nomination.fr/contact/697355,697355
https://app.nomination.fr/contact/697441,697441
https://app.nomination.fr/contact/697455,697455
https://app.nomination.fr/contact/697457,697457
https://app.nomination.fr/contact/697459,697459
https://app.nomination.fr/contact/697461,697461
https://app.nomination.fr/contact/697463,697463
https://app.nomination.fr/contact/697465,697465
https://app.nomination.fr/contact/697523,697523
https://app.nomination.fr/contact/697525,697525
https://app.nomination.fr/contact/697579,697579
https://app.nomination.fr/contact/697605,697605
https://app.nomination.fr/contact/697645,697645
https://app.nomination.fr/contact/697665,697665
https://app.nomination.fr/contact/697669,697669
https://app.nomination.fr/contact/697701,697701
https://app.nomination.fr/contact/697703,697703
https://app.nomination.fr/contact/698407,698407
https://app.nomination.fr/contact/698409,698409
https://app.nomination.fr/contact/698413,698413
https://app.nomination.fr/contact/698419,698419
https://app.nomination.fr/contact/698423,698423
https://app.nomination.fr/contact/698425,698425
https://app.nomination.fr/contact/698531,698531
https://app.nomination.fr/contact/698533,698533
https://app.nomination.fr/contact/700573,700573
https://app.nomination.fr/contact/700919,700919
https://app.nomination.fr/contact/701241,701241
https://app.nomination.fr/contact/701521,701521
https://app.nomination.fr/contact/706285,706285
https://app.nomination.fr/contact/706313,706313
https://app.nomination.fr/contact/706849,706849
https://app.nomination.fr/contact/707737,707737
https://app.nomination.fr/contact/711849,711849
https://app.nomination.fr/contact/712561,712561
https://app.nomination.fr/contact/713827,713827
https://app.nomination.fr/contact/714029,714029
https://app.nomination.fr/contact/714031,714031
https://app.nomination.fr/contact/715597,715597
https://app.nomination.fr/contact/716199,716199
https://app.nomination.fr/contact/716575,716575
https://app.nomination.fr/contact/716577,716577
https://app.nomination.fr/contact/716579,716579
https://app.nomination.fr/contact/716619,716619
https://app.nomination.fr/contact/716915,716915
https://app.nomination.fr/contact/717797,717797
https://app.nomination.fr/contact/718407,718407
https://app.nomination.fr/contact/718833,718833
https://app.nomination.fr/contact/719029,719029
https://app.nomination.fr/contact/719321,719321
https://app.nomination.fr/contact/719821,719821
https://app.nomination.fr/contact/720283,720283
https://app.nomination.fr/contact/721387,721387
https://app.nomination.fr/contact/721487,721487
https://app.nomination.fr/contact/722395,722395
https://app.nomination.fr/contact/723473,723473
https://app.nomination.fr/contact/725897,725897
https://app.nomination.fr/contact/725953,725953
https://app.nomination.fr/contact/725961,725961
https://app.nomination.fr/contact/726421,726421
https://app.nomination.fr/contact/727627,727627
https://app.nomination.fr/contact/727779,727779
https://app.nomination.fr/contact/728363,728363
https://app.nomination.fr/contact/728477,728477
https://app.nomination.fr/contact/729589,729589
https://app.nomination.fr/contact/729801,729801
https://app.nomination.fr/contact/731577,731577
https://app.nomination.fr/contact/731857,731857
https://app.nomination.fr/contact/733557,733557
https://app.nomination.fr/contact/733587,733587
https://app.nomination.fr/contact/734617,734617
https://app.nomination.fr/contact/734663,734663
https://app.nomination.fr/contact/735869,735869
https://app.nomination.fr/contact/736315,736315
https://app.nomination.fr/contact/739245,739245
https://app.nomination.fr/contact/741109,741109
https://app.nomination.fr/contact/741191,741191
https://app.nomination.fr/contact/741199,741199
https://app.nomination.fr/contact/741201,741201
https://app.nomination.fr/contact/741203,741203
https://app.nomination.fr/contact/741829,741829
https://app.nomination.fr/contact/742431,742431
https://app.nomination.fr/contact/742437,742437
https://app.nomination.fr/contact/742651,742651
https://app.nomination.fr/contact/743817,743817
https://app.nomination.fr/contact/744357,744357
https://app.nomination.fr/contact/745013,745013
https://app.nomination.fr/contact/746239,746239
https://app.nomination.fr/contact/746593,746593
https://app.nomination.fr/contact/747237,747237
https://app.nomination.fr/contact/747653,747653
https://app.nomination.fr/contact/747913,747913
https://app.nomination.fr/contact/748485,748485
https://app.nomination.fr/contact/748825,748825
https://app.nomination.fr/contact/748883,748883
https://app.nomination.fr/contact/748891,748891
https://app.nomination.fr/contact/749069,749069
https://app.nomination.fr/contact/749591,749591
https://app.nomination.fr/contact/750209,750209
https://app.nomination.fr/contact/750313,750313
https://app.nomination.fr/contact/750537,750537
https://app.nomination.fr/contact/750649,750649
https://app.nomination.fr/contact/750965,750965
https://app.nomination.fr/contact/751291,751291
https://app.nomination.fr/contact/751719,751719
https://app.nomination.fr/contact/751777,751777
https://app.nomination.fr/contact/752191,752191
https://app.nomination.fr/contact/752359,752359
https://app.nomination.fr/contact/752431,752431
https://app.nomination.fr/contact/752613,752613
https://app.nomination.fr/contact/753077,753077
https://app.nomination.fr/contact/753383,753383
https://app.nomination.fr/contact/754541,754541
https://app.nomination.fr/contact/754651,754651
https://app.nomination.fr/contact/754833,754833
https://app.nomination.fr/contact/754887,754887
https://app.nomination.fr/contact/755289,755289
https://app.nomination.fr/contact/755475,755475
https://app.nomination.fr/contact/755531,755531
https://app.nomination.fr/contact/755825,755825
https://app.nomination.fr/contact/756421,756421
https://app.nomination.fr/contact/757565,757565
https://app.nomination.fr/contact/760421,760421
https://app.nomination.fr/contact/760455,760455
https://app.nomination.fr/contact/760655,760655
https://app.nomination.fr/contact/760667,760667
https://app.nomination.fr/contact/761149,761149
https://app.nomination.fr/contact/761561,761561
https://app.nomination.fr/contact/761665,761665
https://app.nomination.fr/contact/761785,761785
https://app.nomination.fr/contact/762151,762151
https://app.nomination.fr/contact/762611,762611
https://app.nomination.fr/contact/762723,762723
https://app.nomination.fr/contact/762921,762921
https://app.nomination.fr/contact/763007,763007
https://app.nomination.fr/contact/763013,763013
https://app.nomination.fr/contact/763171,763171
https://app.nomination.fr/contact/763221,763221
https://app.nomination.fr/contact/763545,763545
https://app.nomination.fr/contact/763719,763719
https://app.nomination.fr/contact/763849,763849
https://app.nomination.fr/contact/763973,763973
https://app.nomination.fr/contact/764883,764883
https://app.nomination.fr/contact/765191,765191
https://app.nomination.fr/contact/765407,765407
https://app.nomination.fr/contact/765613,765613
https://app.nomination.fr/contact/765855,765855
https://app.nomination.fr/contact/765921,765921
https://app.nomination.fr/contact/767009,767009
https://app.nomination.fr/contact/767031,767031
https://app.nomination.fr/contact/767359,767359
https://app.nomination.fr/contact/767389,767389
https://app.nomination.fr/contact/767715,767715
https://app.nomination.fr/contact/767807,767807
https://app.nomination.fr/contact/768459,768459
https://app.nomination.fr/contact/769153,769153
https://app.nomination.fr/contact/769359,769359
https://app.nomination.fr/contact/769583,769583
https://app.nomination.fr/contact/770021,770021
https://app.nomination.fr/contact/770531,770531
https://app.nomination.fr/contact/771319,771319
https://app.nomination.fr/contact/771603,771603
https://app.nomination.fr/contact/771647,771647
https://app.nomination.fr/contact/771683,771683
https://app.nomination.fr/contact/771733,771733
https://app.nomination.fr/contact/772151,772151
https://app.nomination.fr/contact/773237,773237
https://app.nomination.fr/contact/773555,773555
https://app.nomination.fr/contact/774581,774581
https://app.nomination.fr/contact/776635,776635
https://app.nomination.fr/contact/776937,776937
https://app.nomination.fr/contact/776941,776941
https://app.nomination.fr/contact/777051,777051
https://app.nomination.fr/contact/778225,778225
https://app.nomination.fr/contact/778229,778229
https://app.nomination.fr/contact/778849,778849
https://app.nomination.fr/contact/779167,779167
https://app.nomination.fr/contact/779175,779175
https://app.nomination.fr/contact/779177,779177
https://app.nomination.fr/contact/779199,779199
https://app.nomination.fr/contact/780385,780385
https://app.nomination.fr/contact/781069,781069
https://app.nomination.fr/contact/781947,781947
https://app.nomination.fr/contact/782557,782557
https://app.nomination.fr/contact/782659,782659
https://app.nomination.fr/contact/782861,782861
https://app.nomination.fr/contact/785545,785545
https://app.nomination.fr/contact/786963,786963
https://app.nomination.fr/contact/786965,786965
https://app.nomination.fr/contact/786967,786967
https://app.nomination.fr/contact/789909,789909
https://app.nomination.fr/contact/790217,790217
https://app.nomination.fr/contact/790615,790615
https://app.nomination.fr/contact/790871,790871
https://app.nomination.fr/contact/790953,790953
https://app.nomination.fr/contact/790955,790955
https://app.nomination.fr/contact/791531,791531
https://app.nomination.fr/contact/791671,791671
https://app.nomination.fr/contact/791695,791695
https://app.nomination.fr/contact/792421,792421
https://app.nomination.fr/contact/793049,793049
https://app.nomination.fr/contact/793637,793637
https://app.nomination.fr/contact/793639,793639
https://app.nomination.fr/contact/793641,793641
https://app.nomination.fr/contact/793765,793765
https://app.nomination.fr/contact/793957,793957
https://app.nomination.fr/contact/794349,794349
https://app.nomination.fr/contact/794541,794541
https://app.nomination.fr/contact/794911,794911
https://app.nomination.fr/contact/795253,795253
https://app.nomination.fr/contact/795255,795255
https://app.nomination.fr/contact/795731,795731
https://app.nomination.fr/contact/795791,795791
https://app.nomination.fr/contact/796237,796237
https://app.nomination.fr/contact/796417,796417
https://app.nomination.fr/contact/796771,796771
https://app.nomination.fr/contact/797477,797477
https://app.nomination.fr/contact/797547,797547
https://app.nomination.fr/contact/798819,798819
https://app.nomination.fr/contact/798823,798823
https://app.nomination.fr/contact/798825,798825
https://app.nomination.fr/contact/800689,800689
https://app.nomination.fr/contact/800729,800729
https://app.nomination.fr/contact/800907,800907
https://app.nomination.fr/contact/801619,801619
https://app.nomination.fr/contact/801659,801659
https://app.nomination.fr/contact/801747,801747
https://app.nomination.fr/contact/801855,801855
https://app.nomination.fr/contact/801947,801947
https://app.nomination.fr/contact/802967,802967
https://app.nomination.fr/contact/803011,803011
https://app.nomination.fr/contact/803133,803133
https://app.nomination.fr/contact/803215,803215
https://app.nomination.fr/contact/803555,803555
https://app.nomination.fr/contact/805883,805883
https://app.nomination.fr/contact/805901,805901
https://app.nomination.fr/contact/806107,806107
https://app.nomination.fr/contact/806519,806519
https://app.nomination.fr/contact/807821,807821
https://app.nomination.fr/contact/808509,808509
https://app.nomination.fr/contact/808511,808511
https://app.nomination.fr/contact/808757,808757
https://app.nomination.fr/contact/808763,808763
https://app.nomination.fr/contact/808791,808791
https://app.nomination.fr/contact/809197,809197
https://app.nomination.fr/contact/811077,811077
https://app.nomination.fr/contact/811079,811079
https://app.nomination.fr/contact/811081,811081
https://app.nomination.fr/contact/811087,811087
https://app.nomination.fr/contact/811089,811089
https://app.nomination.fr/contact/811091,811091
https://app.nomination.fr/contact/811093,811093
https://app.nomination.fr/contact/811095,811095
https://app.nomination.fr/contact/811097,811097
https://app.nomination.fr/contact/811099,811099
https://app.nomination.fr/contact/811313,811313
https://app.nomination.fr/contact/812171,812171
https://app.nomination.fr/contact/812895,812895
https://app.nomination.fr/contact/813173,813173
https://app.nomination.fr/contact/813909,813909
https://app.nomination.fr/contact/814099,814099
https://app.nomination.fr/contact/814753,814753
https://app.nomination.fr/contact/815525,815525
https://app.nomination.fr/contact/820061,820061
https://app.nomination.fr/contact/820629,820629
https://app.nomination.fr/contact/820679,820679
https://app.nomination.fr/contact/821879,821879
https://app.nomination.fr/contact/823067,823067
https://app.nomination.fr/contact/824553,824553
https://app.nomination.fr/contact/825383,825383
https://app.nomination.fr/contact/825669,825669
https://app.nomination.fr/contact/827071,827071
https://app.nomination.fr/contact/827679,827679
https://app.nomination.fr/contact/828833,828833
https://app.nomination.fr/contact/829181,829181
https://app.nomination.fr/contact/835723,835723
https://app.nomination.fr/contact/836411,836411
https://app.nomination.fr/contact/837015,837015
https://app.nomination.fr/contact/839121,839121
https://app.nomination.fr/contact/839201,839201
https://app.nomination.fr/contact/839399,839399
https://app.nomination.fr/contact/840247,840247
https://app.nomination.fr/contact/846097,846097
https://app.nomination.fr/contact/850529,850529
https://app.nomination.fr/contact/852705,852705
https://app.nomination.fr/contact/855247,855247
https://app.nomination.fr/contact/855433,855433
https://app.nomination.fr/contact/855485,855485
https://app.nomination.fr/contact/859871,859871
https://app.nomination.fr/contact/860963,860963
https://app.nomination.fr/contact/861051,861051
https://app.nomination.fr/contact/861295,861295
https://app.nomination.fr/contact/862027,862027
https://app.nomination.fr/contact/862047,862047
https://app.nomination.fr/contact/865567,865567
https://app.nomination.fr/contact/866021,866021
https://app.nomination.fr/contact/866093,866093
https://app.nomination.fr/contact/866173,866173
https://app.nomination.fr/contact/910869,910869
https://app.nomination.fr/contact/911537,911537
https://app.nomination.fr/contact/911910,911910
https://app.nomination.fr/contact/911966,911966
https://app.nomination.fr/contact/912158,912158
https://app.nomination.fr/contact/912748,912748
https://app.nomination.fr/contact/913735,913735
https://app.nomination.fr/contact/914192,914192
https://app.nomination.fr/contact/915660,915660
https://app.nomination.fr/contact/915677,915677
https://app.nomination.fr/contact/920226,920226
https://app.nomination.fr/contact/922806,922806
https://app.nomination.fr/contact/923401,923401
https://app.nomination.fr/contact/925374,925374
https://app.nomination.fr/contact/925375,925375
https://app.nomination.fr/contact/925377,925377
https://app.nomination.fr/contact/931566,931566
https://app.nomination.fr/contact/933190,933190
https://app.nomination.fr/contact/933192,933192
https://app.nomination.fr/contact/940804,940804
https://app.nomination.fr/contact/940806,940806
https://app.nomination.fr/contact/941668,941668
https://app.nomination.fr/contact/941986,941986
https://app.nomination.fr/contact/941988,941988
https://app.nomination.fr/contact/941998,941998
https://app.nomination.fr/contact/941999,941999
https://app.nomination.fr/contact/942088,942088
https://app.nomination.fr/contact/942260,942260
https://app.nomination.fr/contact/942261,942261
https://app.nomination.fr/contact/942264,942264
https://app.nomination.fr/contact/942267,942267
https://app.nomination.fr/contact/942268,942268
https://app.nomination.fr/contact/942308,942308
https://app.nomination.fr/contact/942931,942931
https://app.nomination.fr/contact/943173,943173
https://app.nomination.fr/contact/943973,943973
https://app.nomination.fr/contact/944060,944060
https://app.nomination.fr/contact/944061,944061
https://app.nomination.fr/contact/944073,944073
https://app.nomination.fr/contact/944074,944074
https://app.nomination.fr/contact/944076,944076
https://app.nomination.fr/contact/945644,945644
https://app.nomination.fr/contact/945645,945645
https://app.nomination.fr/contact/945739,945739
https://app.nomination.fr/contact/945740,945740
https://app.nomination.fr/contact/946617,946617
https://app.nomination.fr/contact/946620,946620
https://app.nomination.fr/contact/946621,946621
https://app.nomination.fr/contact/946622,946622
https://app.nomination.fr/contact/946855,946855
https://app.nomination.fr/contact/950520,950520
https://app.nomination.fr/contact/951195,951195
https://app.nomination.fr/contact/951197,951197
https://app.nomination.fr/contact/956401,956401
https://app.nomination.fr/contact/958161,958161
https://app.nomination.fr/contact/959132,959132
https://app.nomination.fr/contact/961408,961408
https://app.nomination.fr/contact/962507,962507
https://app.nomination.fr/contact/966343,966343
https://app.nomination.fr/contact/966344,966344
https://app.nomination.fr/contact/968531,968531
https://app.nomination.fr/contact/968532,968532
https://app.nomination.fr/contact/971023,971023
https://app.nomination.fr/contact/972069,972069
https://app.nomination.fr/contact/983364,983364
https://app.nomination.fr/contact/995282,995282
https://app.nomination.fr/contact/997217,997217
https://app.nomination.fr/contact/1005007,1005007
https://app.nomination.fr/contact/1005806,1005806
https://app.nomination.fr/contact/1005923,1005923
https://app.nomination.fr/contact/1009108,1009108
https://app.nomination.fr/contact/1010187,1010187
https://app.nomination.fr/contact/1016514,1016514
https://app.nomination.fr/contact/1026510,1026510
https://app.nomination.fr/contact/1042536,1042536
https://app.nomination.fr/contact/1043321,1043321
https://app.nomination.fr/contact/1043324,1043324
https://app.nomination.fr/contact/1043955,1043955
https://app.nomination.fr/contact/1044001,1044001
https://app.nomination.fr/contact/1044371,1044371
https://app.nomination.fr/contact/1047190,1047190
https://app.nomination.fr/contact/1047700,1047700
https://app.nomination.fr/contact/1049350,1049350
https://app.nomination.fr/contact/1049633,1049633
https://app.nomination.fr/contact/1049713,1049713
https://app.nomination.fr/contact/1049714,1049714
https://app.nomination.fr/contact/1049715,1049715
https://app.nomination.fr/contact/1049716,1049716
https://app.nomination.fr/contact/1049751,1049751
https://app.nomination.fr/contact/1050081,1050081
https://app.nomination.fr/contact/1050082,1050082
https://app.nomination.fr/contact/1050083,1050083
https://app.nomination.fr/contact/1050117,1050117
https://app.nomination.fr/contact/1050118,1050118
https://app.nomination.fr/contact/1050120,1050120
https://app.nomination.fr/contact/1050125,1050125
https://app.nomination.fr/contact/1050129,1050129
https://app.nomination.fr/contact/1050130,1050130
https://app.nomination.fr/contact/1050177,1050177
https://app.nomination.fr/contact/1050221,1050221
https://app.nomination.fr/contact/1050408,1050408
https://app.nomination.fr/contact/1051083,1051083
https://app.nomination.fr/contact/1051164,1051164
https://app.nomination.fr/contact/1051315,1051315
https://app.nomination.fr/contact/1051470,1051470
https://app.nomination.fr/contact/1051484,1051484
https://app.nomination.fr/contact/1051816,1051816
https://app.nomination.fr/contact/1051883,1051883
https://app.nomination.fr/contact/1052272,1052272
https://app.nomination.fr/contact/1052380,1052380
https://app.nomination.fr/contact/1052412,1052412
https://app.nomination.fr/contact/1053283,1053283
https://app.nomination.fr/contact/1054115,1054115
https://app.nomination.fr/contact/1054122,1054122
https://app.nomination.fr/contact/1054188,1054188
https://app.nomination.fr/contact/1054739,1054739
https://app.nomination.fr/contact/1054879,1054879
https://app.nomination.fr/contact/1055158,1055158
https://app.nomination.fr/contact/1055626,1055626
https://app.nomination.fr/contact/1055889,1055889
https://app.nomination.fr/contact/1056844,1056844
https://app.nomination.fr/contact/1056900,1056900
https://app.nomination.fr/contact/1057058,1057058
https://app.nomination.fr/contact/1057359,1057359
https://app.nomination.fr/contact/1057382,1057382
https://app.nomination.fr/contact/1057561,1057561
https://app.nomination.fr/contact/1057937,1057937
https://app.nomination.fr/contact/1058077,1058077
https://app.nomination.fr/contact/1058142,1058142
https://app.nomination.fr/contact/1058450,1058450
https://app.nomination.fr/contact/1058542,1058542
https://app.nomination.fr/contact/1058708,1058708
https://app.nomination.fr/contact/1058864,1058864
https://app.nomination.fr/contact/1058905,1058905
https://app.nomination.fr/contact/1058912,1058912
https://app.nomination.fr/contact/1059005,1059005
https://app.nomination.fr/contact/1059017,1059017
https://app.nomination.fr/contact/1059100,1059100
https://app.nomination.fr/contact/1059139,1059139
https://app.nomination.fr/contact/1059198,1059198
https://app.nomination.fr/contact/1059506,1059506
https://app.nomination.fr/contact/1059522,1059522
https://app.nomination.fr/contact/1059684,1059684
https://app.nomination.fr/contact/1059828,1059828
https://app.nomination.fr/contact/1059867,1059867
https://app.nomination.fr/contact/1059900,1059900
https://app.nomination.fr/contact/1060030,1060030
https://app.nomination.fr/contact/1060072,1060072
https://app.nomination.fr/contact/1060202,1060202
https://app.nomination.fr/contact/1060243,1060243
https://app.nomination.fr/contact/1060272,1060272
https://app.nomination.fr/contact/1060364,1060364
https://app.nomination.fr/contact/1060476,1060476
https://app.nomination.fr/contact/1060491,1060491
https://app.nomination.fr/contact/1060651,1060651
https://app.nomination.fr/contact/1060743,1060743
https://app.nomination.fr/contact/1060755,1060755
https://app.nomination.fr/contact/1060884,1060884
https://app.nomination.fr/contact/1060911,1060911
https://app.nomination.fr/contact/1061131,1061131
https://app.nomination.fr/contact/1061197,1061197
https://app.nomination.fr/contact/1061227,1061227
https://app.nomination.fr/contact/1061884,1061884
https://app.nomination.fr/contact/1061914,1061914
https://app.nomination.fr/contact/1061952,1061952
https://app.nomination.fr/contact/1061983,1061983
https://app.nomination.fr/contact/1062012,1062012
https://app.nomination.fr/contact/1062442,1062442
https://app.nomination.fr/contact/1062919,1062919
https://app.nomination.fr/contact/1063309,1063309
https://app.nomination.fr/contact/1063405,1063405
https://app.nomination.fr/contact/1063523,1063523
https://app.nomination.fr/contact/1063536,1063536
https://app.nomination.fr/contact/1063555,1063555
https://app.nomination.fr/contact/1063577,1063577
https://app.nomination.fr/contact/1063580,1063580
https://app.nomination.fr/contact/1063586,1063586
https://app.nomination.fr/contact/1063587,1063587
https://app.nomination.fr/contact/1063593,1063593
https://app.nomination.fr/contact/1063604,1063604
https://app.nomination.fr/contact/1063631,1063631
https://app.nomination.fr/contact/1063697,1063697
https://app.nomination.fr/contact/1063750,1063750
https://app.nomination.fr/contact/1063821,1063821
https://app.nomination.fr/contact/1064227,1064227
https://app.nomination.fr/contact/1064880,1064880
https://app.nomination.fr/contact/1064930,1064930
https://app.nomination.fr/contact/1064949,1064949
https://app.nomination.fr/contact/1065344,1065344
https://app.nomination.fr/contact/1065882,1065882
https://app.nomination.fr/contact/1068450,1068450
https://app.nomination.fr/contact/1068666,1068666
https://app.nomination.fr/contact/1069403,1069403
https://app.nomination.fr/contact/1072519,1072519
https://app.nomination.fr/contact/1072522,1072522
https://app.nomination.fr/contact/1072555,1072555
https://app.nomination.fr/contact/1072607,1072607
https://app.nomination.fr/contact/1072659,1072659
https://app.nomination.fr/contact/1072676,1072676
https://app.nomination.fr/contact/1072732,1072732
https://app.nomination.fr/contact/1072807,1072807
https://app.nomination.fr/contact/1072851,1072851
https://app.nomination.fr/contact/1072941,1072941
https://app.nomination.fr/contact/1072972,1072972
https://app.nomination.fr/contact/1073053,1073053
https://app.nomination.fr/contact/1073147,1073147
https://app.nomination.fr/contact/1073166,1073166
https://app.nomination.fr/contact/1073562,1073562
https://app.nomination.fr/contact/1073663,1073663
https://app.nomination.fr/contact/1073853,1073853
https://app.nomination.fr/contact/1074048,1074048
https://app.nomination.fr/contact/1074437,1074437
https://app.nomination.fr/contact/1074547,1074547
https://app.nomination.fr/contact/1074596,1074596
https://app.nomination.fr/contact/1074608,1074608
https://app.nomination.fr/contact/1074673,1074673
https://app.nomination.fr/contact/1074729,1074729
https://app.nomination.fr/contact/1074746,1074746
https://app.nomination.fr/contact/1074777,1074777
https://app.nomination.fr/contact/1074865,1074865
https://app.nomination.fr/contact/1074884,1074884
https://app.nomination.fr/contact/1074905,1074905
https://app.nomination.fr/contact/1074952,1074952
https://app.nomination.fr/contact/1074953,1074953
https://app.nomination.fr/contact/1074954,1074954
https://app.nomination.fr/contact/1074997,1074997
https://app.nomination.fr/contact/1075020,1075020
https://app.nomination.fr/contact/1075031,1075031
https://app.nomination.fr/contact/1075179,1075179
https://app.nomination.fr/contact/1075189,1075189
https://app.nomination.fr/contact/1076015,1076015
https://app.nomination.fr/contact/1077894,1077894
https://app.nomination.fr/contact/1078752,1078752
https://app.nomination.fr/contact/1078918,1078918
https://app.nomination.fr/contact/1078923,1078923
https://app.nomination.fr/contact/1081039,1081039
https://app.nomination.fr/contact/1081221,1081221
https://app.nomination.fr/contact/1081291,1081291
https://app.nomination.fr/contact/1083123,1083123
https://app.nomination.fr/contact/1084740,1084740
https://app.nomination.fr/contact/1084907,1084907
https://app.nomination.fr/contact/1085126,1085126
https://app.nomination.fr/contact/1085569,1085569
https://app.nomination.fr/contact/1086234,1086234
https://app.nomination.fr/contact/1086654,1086654
https://app.nomination.fr/contact/1086676,1086676
https://app.nomination.fr/contact/1086780,1086780
https://app.nomination.fr/contact/1087337,1087337
https://app.nomination.fr/contact/1087760,1087760
https://app.nomination.fr/contact/1090218,1090218
https://app.nomination.fr/contact/1090221,1090221
https://app.nomination.fr/contact/1090272,1090272
https://app.nomination.fr/contact/1090304,1090304
https://app.nomination.fr/contact/1090468,1090468
https://app.nomination.fr/contact/1090533,1090533
https://app.nomination.fr/contact/1090762,1090762
https://app.nomination.fr/contact/1090782,1090782
https://app.nomination.fr/contact/1091027,1091027
https://app.nomination.fr/contact/1091234,1091234
https://app.nomination.fr/contact/1091619,1091619
https://app.nomination.fr/contact/1092279,1092279
https://app.nomination.fr/contact/1092710,1092710
https://app.nomination.fr/contact/1094959,1094959
https://app.nomination.fr/contact/1095490,1095490
https://app.nomination.fr/contact/1095528,1095528
https://app.nomination.fr/contact/1095530,1095530
https://app.nomination.fr/contact/1095764,1095764
https://app.nomination.fr/contact/1095954,1095954
https://app.nomination.fr/contact/1095955,1095955
https://app.nomination.fr/contact/1096137,1096137
https://app.nomination.fr/contact/1096602,1096602
https://app.nomination.fr/contact/1096603,1096603
https://app.nomination.fr/contact/1096717,1096717
https://app.nomination.fr/contact/1096719,1096719
https://app.nomination.fr/contact/1096720,1096720
https://app.nomination.fr/contact/1096721,1096721
https://app.nomination.fr/contact/1096732,1096732
https://app.nomination.fr/contact/1096733,1096733
https://app.nomination.fr/contact/1096735,1096735
https://app.nomination.fr/contact/1096736,1096736
https://app.nomination.fr/contact/1096832,1096832
https://app.nomination.fr/contact/1096856,1096856
https://app.nomination.fr/contact/1096858,1096858
https://app.nomination.fr/contact/1096860,1096860
https://app.nomination.fr/contact/1096861,1096861
https://app.nomination.fr/contact/1096863,1096863
https://app.nomination.fr/contact/1096869,1096869
https://app.nomination.fr/contact/1096870,1096870
https://app.nomination.fr/contact/1096871,1096871
https://app.nomination.fr/contact/1096872,1096872
https://app.nomination.fr/contact/1096899,1096899
https://app.nomination.fr/contact/1096915,1096915
https://app.nomination.fr/contact/1096916,1096916
https://app.nomination.fr/contact/1096925,1096925
https://app.nomination.fr/contact/1097024,1097024
https://app.nomination.fr/contact/1097073,1097073
https://app.nomination.fr/contact/1097084,1097084
https://app.nomination.fr/contact/1097112,1097112
https://app.nomination.fr/contact/1097113,1097113
https://app.nomination.fr/contact/1097114,1097114
https://app.nomination.fr/contact/1097140,1097140
https://app.nomination.fr/contact/1097141,1097141
https://app.nomination.fr/contact/1097302,1097302
https://app.nomination.fr/contact/1097303,1097303
https://app.nomination.fr/contact/1097305,1097305
https://app.nomination.fr/contact/1097306,1097306
https://app.nomination.fr/contact/1097518,1097518
https://app.nomination.fr/contact/1097519,1097519
https://app.nomination.fr/contact/1097520,1097520
https://app.nomination.fr/contact/1097521,1097521
https://app.nomination.fr/contact/1097833,1097833
https://app.nomination.fr/contact/1097850,1097850
https://app.nomination.fr/contact/1097851,1097851
https://app.nomination.fr/contact/1098208,1098208
https://app.nomination.fr/contact/1098331,1098331
https://app.nomination.fr/contact/1098332,1098332
https://app.nomination.fr/contact/1098333,1098333
https://app.nomination.fr/contact/1098334,1098334
https://app.nomination.fr/contact/1099355,1099355
https://app.nomination.fr/contact/1100017,1100017
https://app.nomination.fr/contact/1101163,1101163
https://app.nomination.fr/contact/1101270,1101270
https://app.nomination.fr/contact/1102229,1102229
https://app.nomination.fr/contact/1102841,1102841
https://app.nomination.fr/contact/1103857,1103857
https://app.nomination.fr/contact/1103873,1103873
https://app.nomination.fr/contact/1103874,1103874
https://app.nomination.fr/contact/1104055,1104055
https://app.nomination.fr/contact/1104238,1104238
https://app.nomination.fr/contact/1104474,1104474
https://app.nomination.fr/contact/1104571,1104571
https://app.nomination.fr/contact/1104585,1104585
https://app.nomination.fr/contact/1104700,1104700
https://app.nomination.fr/contact/1104747,1104747
https://app.nomination.fr/contact/1105155,1105155
https://app.nomination.fr/contact/1106913,1106913
https://app.nomination.fr/contact/1107297,1107297
https://app.nomination.fr/contact/1107298,1107298
https://app.nomination.fr/contact/1107814,1107814
https://app.nomination.fr/contact/1107815,1107815
https://app.nomination.fr/contact/1107819,1107819
https://app.nomination.fr/contact/1107821,1107821
https://app.nomination.fr/contact/1107893,1107893
https://app.nomination.fr/contact/1107894,1107894
https://app.nomination.fr/contact/1107977,1107977
https://app.nomination.fr/contact/1108177,1108177
https://app.nomination.fr/contact/1108232,1108232
https://app.nomination.fr/contact/1108252,1108252
https://app.nomination.fr/contact/1108254,1108254
https://app.nomination.fr/contact/1108255,1108255
https://app.nomination.fr/contact/1108407,1108407
https://app.nomination.fr/contact/1108436,1108436
https://app.nomination.fr/contact/1108509,1108509
https://app.nomination.fr/contact/1108569,1108569
https://app.nomination.fr/contact/1108645,1108645
https://app.nomination.fr/contact/1108906,1108906
https://app.nomination.fr/contact/1109145,1109145
https://app.nomination.fr/contact/1109146,1109146
https://app.nomination.fr/contact/1109340,1109340
https://app.nomination.fr/contact/1110441,1110441
https://app.nomination.fr/contact/1110442,1110442
https://app.nomination.fr/contact/1110443,1110443
https://app.nomination.fr/contact/1110815,1110815
https://app.nomination.fr/contact/1111705,1111705
https://app.nomination.fr/contact/1111794,1111794
https://app.nomination.fr/contact/1111804,1111804
https://app.nomination.fr/contact/1111805,1111805
https://app.nomination.fr/contact/1111806,1111806
https://app.nomination.fr/contact/1112163,1112163
https://app.nomination.fr/contact/1112413,1112413
https://app.nomination.fr/contact/1112463,1112463
https://app.nomination.fr/contact/1112465,1112465
https://app.nomination.fr/contact/1112546,1112546
https://app.nomination.fr/contact/1113455,1113455
https://app.nomination.fr/contact/1113565,1113565
https://app.nomination.fr/contact/1113620,1113620
https://app.nomination.fr/contact/1113699,1113699
https://app.nomination.fr/contact/1113700,1113700
https://app.nomination.fr/contact/1113840,1113840
https://app.nomination.fr/contact/1114552,1114552
https://app.nomination.fr/contact/1117851,1117851
https://app.nomination.fr/contact/1118110,1118110
https://app.nomination.fr/contact/1118825,1118825
https://app.nomination.fr/contact/1118826,1118826
https://app.nomination.fr/contact/1118920,1118920
https://app.nomination.fr/contact/1120227,1120227
https://app.nomination.fr/contact/1120693,1120693
https://app.nomination.fr/contact/1120851,1120851
https://app.nomination.fr/contact/1120885,1120885
https://app.nomination.fr/contact/1121060,1121060
https://app.nomination.fr/contact/1122379,1122379
https://app.nomination.fr/contact/1124673,1124673
https://app.nomination.fr/contact/1124981,1124981
https://app.nomination.fr/contact/1125402,1125402
https://app.nomination.fr/contact/1125470,1125470
https://app.nomination.fr/contact/1125665,1125665
https://app.nomination.fr/contact/1125744,1125744
https://app.nomination.fr/contact/1125886,1125886
https://app.nomination.fr/contact/1125890,1125890
https://app.nomination.fr/contact/1125915,1125915
https://app.nomination.fr/contact/1126141,1126141
https://app.nomination.fr/contact/1126200,1126200
https://app.nomination.fr/contact/1126611,1126611
https://app.nomination.fr/contact/1126942,1126942
https://app.nomination.fr/contact/1127656,1127656
https://app.nomination.fr/contact/1127945,1127945
https://app.nomination.fr/contact/1128052,1128052
https://app.nomination.fr/contact/1128191,1128191
https://app.nomination.fr/contact/1128301,1128301
https://app.nomination.fr/contact/1128338,1128338
https://app.nomination.fr/contact/1128353,1128353
https://app.nomination.fr/contact/1128424,1128424
https://app.nomination.fr/contact/1128452,1128452
https://app.nomination.fr/contact/1128512,1128512
https://app.nomination.fr/contact/1128588,1128588
https://app.nomination.fr/contact/1130104,1130104
https://app.nomination.fr/contact/1130106,1130106
https://app.nomination.fr/contact/1130237,1130237
https://app.nomination.fr/contact/1130263,1130263
https://app.nomination.fr/contact/1130559,1130559
https://app.nomination.fr/contact/1130734,1130734
https://app.nomination.fr/contact/1130951,1130951
https://app.nomination.fr/contact/1130977,1130977
https://app.nomination.fr/contact/1131049,1131049
https://app.nomination.fr/contact/1131168,1131168
https://app.nomination.fr/contact/1131351,1131351
https://app.nomination.fr/contact/1131717,1131717
https://app.nomination.fr/contact/1131741,1131741
https://app.nomination.fr/contact/1131789,1131789
https://app.nomination.fr/contact/1132067,1132067
https://app.nomination.fr/contact/1132123,1132123
https://app.nomination.fr/contact/1132136,1132136
https://app.nomination.fr/contact/1132463,1132463
https://app.nomination.fr/contact/1132570,1132570
https://app.nomination.fr/contact/1132737,1132737
https://app.nomination.fr/contact/1132803,1132803
https://app.nomination.fr/contact/1132855,1132855
https://app.nomination.fr/contact/1133081,1133081
https://app.nomination.fr/contact/1133402,1133402
https://app.nomination.fr/contact/1133415,1133415
https://app.nomination.fr/contact/1133506,1133506
https://app.nomination.fr/contact/1133561,1133561
https://app.nomination.fr/contact/1133916,1133916
https://app.nomination.fr/contact/1133968,1133968
https://app.nomination.fr/contact/1134086,1134086
https://app.nomination.fr/contact/1134153,1134153
https://app.nomination.fr/contact/1134429,1134429
https://app.nomination.fr/contact/1134492,1134492
https://app.nomination.fr/contact/1134685,1134685
https://app.nomination.fr/contact/1134985,1134985
https://app.nomination.fr/contact/1135583,1135583
https://app.nomination.fr/contact/1136538,1136538
https://app.nomination.fr/contact/1136539,1136539
https://app.nomination.fr/contact/1136611,1136611
https://app.nomination.fr/contact/1137446,1137446
https://app.nomination.fr/contact/1137589,1137589
https://app.nomination.fr/contact/1138387,1138387
https://app.nomination.fr/contact/1138527,1138527
https://app.nomination.fr/contact/1139102,1139102
https://app.nomination.fr/contact/1139132,1139132
https://app.nomination.fr/contact/1139618,1139618
https://app.nomination.fr/contact/1139670,1139670
https://app.nomination.fr/contact/1139824,1139824
https://app.nomination.fr/contact/1139949,1139949
https://app.nomination.fr/contact/1140815,1140815
https://app.nomination.fr/contact/1141834,1141834
https://app.nomination.fr/contact/1143291,1143291
https://app.nomination.fr/contact/1143822,1143822
https://app.nomination.fr/contact/1144102,1144102
https://app.nomination.fr/contact/1144165,1144165
https://app.nomination.fr/contact/1144259,1144259
https://app.nomination.fr/contact/1144470,1144470
https://app.nomination.fr/contact/1144630,1144630
https://app.nomination.fr/contact/1144729,1144729
https://app.nomination.fr/contact/1144878,1144878
https://app.nomination.fr/contact/1144909,1144909
https://app.nomination.fr/contact/1145032,1145032
https://app.nomination.fr/contact/1145183,1145183
https://app.nomination.fr/contact/1145649,1145649
https://app.nomination.fr/contact/1145979,1145979
https://app.nomination.fr/contact/1146026,1146026
https://app.nomination.fr/contact/1146042,1146042
https://app.nomination.fr/contact/1146153,1146153
https://app.nomination.fr/contact/1146155,1146155
https://app.nomination.fr/contact/1146328,1146328
https://app.nomination.fr/contact/1146670,1146670
https://app.nomination.fr/contact/1146870,1146870
https://app.nomination.fr/contact/1146937,1146937
https://app.nomination.fr/contact/1147101,1147101
https://app.nomination.fr/contact/1147144,1147144
https://app.nomination.fr/contact/1147159,1147159
https://app.nomination.fr/contact/1147600,1147600
https://app.nomination.fr/contact/1147617,1147617
https://app.nomination.fr/contact/1147885,1147885
https://app.nomination.fr/contact/1147889,1147889
https://app.nomination.fr/contact/1147953,1147953
https://app.nomination.fr/contact/1148060,1148060
https://app.nomination.fr/contact/1148481,1148481
https://app.nomination.fr/contact/1148737,1148737
https://app.nomination.fr/contact/1148905,1148905
https://app.nomination.fr/contact/1148994,1148994
https://app.nomination.fr/contact/1149014,1149014
https://app.nomination.fr/contact/1149726,1149726
https://app.nomination.fr/contact/1150311,1150311
https://app.nomination.fr/contact/1150407,1150407
https://app.nomination.fr/contact/1151157,1151157
https://app.nomination.fr/contact/1151328,1151328
https://app.nomination.fr/contact/1151492,1151492
https://app.nomination.fr/contact/1153030,1153030
https://app.nomination.fr/contact/1153511,1153511
https://app.nomination.fr/contact/1153643,1153643
https://app.nomination.fr/contact/1153677,1153677
https://app.nomination.fr/contact/1153822,1153822
https://app.nomination.fr/contact/1153832,1153832
https://app.nomination.fr/contact/1153984,1153984
https://app.nomination.fr/contact/1154088,1154088
https://app.nomination.fr/contact/1154204,1154204
https://app.nomination.fr/contact/1154321,1154321
https://app.nomination.fr/contact/1154426,1154426
https://app.nomination.fr/contact/1154527,1154527
https://app.nomination.fr/contact/1154962,1154962
https://app.nomination.fr/contact/1154989,1154989
https://app.nomination.fr/contact/1155307,1155307
https://app.nomination.fr/contact/1155312,1155312
https://app.nomination.fr/contact/1155438,1155438
https://app.nomination.fr/contact/1155443,1155443
https://app.nomination.fr/contact/1155510,1155510
https://app.nomination.fr/contact/1156088,1156088
https://app.nomination.fr/contact/1156403,1156403
https://app.nomination.fr/contact/1157080,1157080
https://app.nomination.fr/contact/1158680,1158680
https://app.nomination.fr/contact/1159202,1159202
https://app.nomination.fr/contact/1159317,1159317
https://app.nomination.fr/contact/1159380,1159380
https://app.nomination.fr/contact/1159589,1159589
https://app.nomination.fr/contact/1159592,1159592
https://app.nomination.fr/contact/1159743,1159743
https://app.nomination.fr/contact/1160114,1160114
https://app.nomination.fr/contact/1160368,1160368
https://app.nomination.fr/contact/1160374,1160374
https://app.nomination.fr/contact/1160727,1160727
https://app.nomination.fr/contact/1160825,1160825
https://app.nomination.fr/contact/1160890,1160890
https://app.nomination.fr/contact/1161256,1161256
https://app.nomination.fr/contact/1161345,1161345
https://app.nomination.fr/contact/1161652,1161652
https://app.nomination.fr/contact/1162014,1162014
https://app.nomination.fr/contact/1162141,1162141
https://app.nomination.fr/contact/1162178,1162178
https://app.nomination.fr/contact/1163166,1163166
https://app.nomination.fr/contact/1164465,1164465
https://app.nomination.fr/contact/1164781,1164781
https://app.nomination.fr/contact/1164825,1164825
https://app.nomination.fr/contact/1164951,1164951
https://app.nomination.fr/contact/1165225,1165225
https://app.nomination.fr/contact/1165416,1165416
https://app.nomination.fr/contact/1165664,1165664
https://app.nomination.fr/contact/1165725,1165725
https://app.nomination.fr/contact/1165738,1165738
https://app.nomination.fr/contact/1165817,1165817
https://app.nomination.fr/contact/1165995,1165995
https://app.nomination.fr/contact/1166060,1166060
https://app.nomination.fr/contact/1166134,1166134
https://app.nomination.fr/contact/1166297,1166297
https://app.nomination.fr/contact/1166493,1166493
https://app.nomination.fr/contact/1166563,1166563
https://app.nomination.fr/contact/1166575,1166575
https://app.nomination.fr/contact/1166597,1166597
https://app.nomination.fr/contact/1166723,1166723
https://app.nomination.fr/contact/1166810,1166810
https://app.nomination.fr/contact/1166819,1166819
https://app.nomination.fr/contact/1166912,1166912
https://app.nomination.fr/contact/1167066,1167066
https://app.nomination.fr/contact/1167360,1167360
https://app.nomination.fr/contact/1167752,1167752
https://app.nomination.fr/contact/1167997,1167997
https://app.nomination.fr/contact/1168130,1168130
https://app.nomination.fr/contact/1168249,1168249
https://app.nomination.fr/contact/1168309,1168309
https://app.nomination.fr/contact/1168356,1168356
https://app.nomination.fr/contact/1168425,1168425
https://app.nomination.fr/contact/1168694,1168694
https://app.nomination.fr/contact/1168839,1168839
https://app.nomination.fr/contact/1169176,1169176
https://app.nomination.fr/contact/1169303,1169303
https://app.nomination.fr/contact/1169428,1169428
https://app.nomination.fr/contact/1169615,1169615
https://app.nomination.fr/contact/1169936,1169936
https://app.nomination.fr/contact/1169978,1169978
https://app.nomination.fr/contact/1170132,1170132
https://app.nomination.fr/contact/1170193,1170193
https://app.nomination.fr/contact/1170267,1170267
https://app.nomination.fr/contact/1170567,1170567
https://app.nomination.fr/contact/1170663,1170663
https://app.nomination.fr/contact/1170859,1170859
https://app.nomination.fr/contact/1171046,1171046
https://app.nomination.fr/contact/1171335,1171335
https://app.nomination.fr/contact/1171638,1171638
https://app.nomination.fr/contact/1171814,1171814
https://app.nomination.fr/contact/1171829,1171829
https://app.nomination.fr/contact/1172100,1172100
https://app.nomination.fr/contact/1172278,1172278
https://app.nomination.fr/contact/1172308,1172308
https://app.nomination.fr/contact/1172503,1172503
https://app.nomination.fr/contact/1172570,1172570
https://app.nomination.fr/contact/1172607,1172607
https://app.nomination.fr/contact/1173038,1173038
https://app.nomination.fr/contact/1173107,1173107
https://app.nomination.fr/contact/1173443,1173443
https://app.nomination.fr/contact/1173744,1173744
https://app.nomination.fr/contact/1173826,1173826
https://app.nomination.fr/contact/1173879,1173879
https://app.nomination.fr/contact/1174142,1174142
https://app.nomination.fr/contact/1174173,1174173
https://app.nomination.fr/contact/1174339,1174339
https://app.nomination.fr/contact/1174561,1174561
https://app.nomination.fr/contact/1174566,1174566
https://app.nomination.fr/contact/1174752,1174752
https://app.nomination.fr/contact/1174816,1174816
https://app.nomination.fr/contact/1175131,1175131
https://app.nomination.fr/contact/1175235,1175235
https://app.nomination.fr/contact/1175544,1175544
https://app.nomination.fr/contact/1175552,1175552
https://app.nomination.fr/contact/1175606,1175606
https://app.nomination.fr/contact/1175618,1175618
https://app.nomination.fr/contact/1175688,1175688
https://app.nomination.fr/contact/1175762,1175762
https://app.nomination.fr/contact/1175916,1175916
https://app.nomination.fr/contact/1175964,1175964
https://app.nomination.fr/contact/1175968,1175968
https://app.nomination.fr/contact/1176250,1176250
https://app.nomination.fr/contact/1176355,1176355
https://app.nomination.fr/contact/1176661,1176661
https://app.nomination.fr/contact/1176684,1176684
https://app.nomination.fr/contact/1176884,1176884
https://app.nomination.fr/contact/1177596,1177596
https://app.nomination.fr/contact/1178082,1178082
https://app.nomination.fr/contact/1178214,1178214
https://app.nomination.fr/contact/1179920,1179920
https://app.nomination.fr/contact/1179984,1179984
https://app.nomination.fr/contact/1180020,1180020
https://app.nomination.fr/contact/1180880,1180880
https://app.nomination.fr/contact/1180885,1180885
https://app.nomination.fr/contact/1181027,1181027
https://app.nomination.fr/contact/1181219,1181219
https://app.nomination.fr/contact/1181733,1181733
https://app.nomination.fr/contact/1182320,1182320
https://app.nomination.fr/contact/1182354,1182354
https://app.nomination.fr/contact/1182359,1182359
https://app.nomination.fr/contact/1182394,1182394
https://app.nomination.fr/contact/1184334,1184334
https://app.nomination.fr/contact/1184619,1184619
https://app.nomination.fr/contact/1184711,1184711
https://app.nomination.fr/contact/1184846,1184846
https://app.nomination.fr/contact/1185006,1185006
https://app.nomination.fr/contact/1185063,1185063
https://app.nomination.fr/contact/1185227,1185227
https://app.nomination.fr/contact/1185529,1185529
https://app.nomination.fr/contact/1185858,1185858
https://app.nomination.fr/contact/1186149,1186149
https://app.nomination.fr/contact/1186248,1186248
https://app.nomination.fr/contact/1186317,1186317
https://app.nomination.fr/contact/1186359,1186359
https://app.nomination.fr/contact/1186389,1186389
https://app.nomination.fr/contact/1186412,1186412
https://app.nomination.fr/contact/1186611,1186611
https://app.nomination.fr/contact/1187137,1187137
https://app.nomination.fr/contact/1187388,1187388
https://app.nomination.fr/contact/1187669,1187669
https://app.nomination.fr/contact/1187812,1187812
https://app.nomination.fr/contact/1188049,1188049
https://app.nomination.fr/contact/1188666,1188666
https://app.nomination.fr/contact/1188791,1188791
https://app.nomination.fr/contact/1189132,1189132
https://app.nomination.fr/contact/1189545,1189545
https://app.nomination.fr/contact/1189548,1189548
https://app.nomination.fr/contact/1189735,1189735
https://app.nomination.fr/contact/1189832,1189832
https://app.nomination.fr/contact/1190165,1190165
https://app.nomination.fr/contact/1190297,1190297
https://app.nomination.fr/contact/1190513,1190513
https://app.nomination.fr/contact/1190556,1190556
https://app.nomination.fr/contact/1190591,1190591
https://app.nomination.fr/contact/1190789,1190789
https://app.nomination.fr/contact/1190893,1190893
https://app.nomination.fr/contact/1190983,1190983
https://app.nomination.fr/contact/1191057,1191057
https://app.nomination.fr/contact/1191201,1191201
https://app.nomination.fr/contact/1191346,1191346
https://app.nomination.fr/contact/1191632,1191632
https://app.nomination.fr/contact/1192117,1192117
https://app.nomination.fr/contact/1192272,1192272
https://app.nomination.fr/contact/1192608,1192608
https://app.nomination.fr/contact/1192854,1192854
https://app.nomination.fr/contact/1194399,1194399
https://app.nomination.fr/contact/1194619,1194619
https://app.nomination.fr/contact/1194734,1194734
https://app.nomination.fr/contact/1194751,1194751
https://app.nomination.fr/contact/1194786,1194786
https://app.nomination.fr/contact/1194939,1194939
https://app.nomination.fr/contact/1195474,1195474
https://app.nomination.fr/contact/1197186,1197186
https://app.nomination.fr/contact/1197466,1197466
https://app.nomination.fr/contact/1198947,1198947
https://app.nomination.fr/contact/1199128,1199128
https://app.nomination.fr/contact/1199741,1199741
https://app.nomination.fr/contact/1199860,1199860
https://app.nomination.fr/contact/1199933,1199933
https://app.nomination.fr/contact/1199972,1199972
https://app.nomination.fr/contact/1200004,1200004
https://app.nomination.fr/contact/1200155,1200155
https://app.nomination.fr/contact/1200186,1200186
https://app.nomination.fr/contact/1200239,1200239
https://app.nomination.fr/contact/1200270,1200270
https://app.nomination.fr/contact/1200278,1200278
https://app.nomination.fr/contact/1200589,1200589
https://app.nomination.fr/contact/1201464,1201464
https://app.nomination.fr/contact/1201719,1201719
https://app.nomination.fr/contact/1201822,1201822
https://app.nomination.fr/contact/1202077,1202077
https://app.nomination.fr/contact/1202416,1202416
https://app.nomination.fr/contact/1202772,1202772
https://app.nomination.fr/contact/1202838,1202838
https://app.nomination.fr/contact/1203200,1203200
https://app.nomination.fr/contact/1203222,1203222
https://app.nomination.fr/contact/1203432,1203432
https://app.nomination.fr/contact/1203468,1203468
https://app.nomination.fr/contact/1203777,1203777
https://app.nomination.fr/contact/1203798,1203798
https://app.nomination.fr/contact/1204454,1204454
https://app.nomination.fr/contact/1204598,1204598
https://app.nomination.fr/contact/1205216,1205216
https://app.nomination.fr/contact/1205798,1205798
https://app.nomination.fr/contact/1206661,1206661
https://app.nomination.fr/contact/1207196,1207196
https://app.nomination.fr/contact/1207272,1207272
https://app.nomination.fr/contact/1207724,1207724
https://app.nomination.fr/contact/1207809,1207809
https://app.nomination.fr/contact/1208203,1208203
https://app.nomination.fr/contact/1208344,1208344
https://app.nomination.fr/contact/1208500,1208500
https://app.nomination.fr/contact/1208792,1208792
https://app.nomination.fr/contact/1209706,1209706
https://app.nomination.fr/contact/1210272,1210272
https://app.nomination.fr/contact/1210497,1210497
https://app.nomination.fr/contact/1212475,1212475
https://app.nomination.fr/contact/1212601,1212601
https://app.nomination.fr/contact/1212742,1212742
https://app.nomination.fr/contact/1212959,1212959
https://app.nomination.fr/contact/1213460,1213460
https://app.nomination.fr/contact/1213796,1213796
https://app.nomination.fr/contact/1214339,1214339
https://app.nomination.fr/contact/1214549,1214549
https://app.nomination.fr/contact/1214692,1214692
https://app.nomination.fr/contact/1215001,1215001
https://app.nomination.fr/contact/1215245,1215245
https://app.nomination.fr/contact/1215328,1215328
https://app.nomination.fr/contact/1216102,1216102
https://app.nomination.fr/contact/1216386,1216386
https://app.nomination.fr/contact/1216464,1216464
https://app.nomination.fr/contact/1216500,1216500
https://app.nomination.fr/contact/1216525,1216525
https://app.nomination.fr/contact/1216768,1216768
https://app.nomination.fr/contact/1217390,1217390
https://app.nomination.fr/contact/1217610,1217610
https://app.nomination.fr/contact/1217910,1217910
https://app.nomination.fr/contact/1217945,1217945
https://app.nomination.fr/contact/1218320,1218320
https://app.nomination.fr/contact/1218762,1218762
https://app.nomination.fr/contact/1219245,1219245
https://app.nomination.fr/contact/1219998,1219998
https://app.nomination.fr/contact/1220161,1220161
https://app.nomination.fr/contact/1220254,1220254
https://app.nomination.fr/contact/1220691,1220691
https://app.nomination.fr/contact/1221441,1221441
https://app.nomination.fr/contact/1221444,1221444
https://app.nomination.fr/contact/1221446,1221446
https://app.nomination.fr/contact/1221969,1221969
https://app.nomination.fr/contact/1222068,1222068
https://app.nomination.fr/contact/1222131,1222131
https://app.nomination.fr/contact/1222168,1222168
https://app.nomination.fr/contact/1222235,1222235
https://app.nomination.fr/contact/1222372,1222372
https://app.nomination.fr/contact/1222818,1222818
https://app.nomination.fr/contact/1223447,1223447
https://app.nomination.fr/contact/1223656,1223656
https://app.nomination.fr/contact/1223819,1223819
https://app.nomination.fr/contact/1224241,1224241
https://app.nomination.fr/contact/1224503,1224503
https://app.nomination.fr/contact/1224571,1224571
https://app.nomination.fr/contact/1224860,1224860
https://app.nomination.fr/contact/1224965,1224965
https://app.nomination.fr/contact/1225078,1225078
https://app.nomination.fr/contact/1225388,1225388
https://app.nomination.fr/contact/1225464,1225464
https://app.nomination.fr/contact/1225965,1225965
https://app.nomination.fr/contact/1226116,1226116
https://app.nomination.fr/contact/1226395,1226395
https://app.nomination.fr/contact/1226545,1226545
https://app.nomination.fr/contact/1226748,1226748
https://app.nomination.fr/contact/1227110,1227110
https://app.nomination.fr/contact/1227163,1227163
https://app.nomination.fr/contact/1227235,1227235
https://app.nomination.fr/contact/1227707,1227707
https://app.nomination.fr/contact/1228693,1228693
https://app.nomination.fr/contact/1229043,1229043
https://app.nomination.fr/contact/1229100,1229100
https://app.nomination.fr/contact/1229234,1229234
https://app.nomination.fr/contact/1230538,1230538
https://app.nomination.fr/contact/1231049,1231049
https://app.nomination.fr/contact/1231159,1231159
https://app.nomination.fr/contact/1232474,1232474
https://app.nomination.fr/contact/1233369,1233369
https://app.nomination.fr/contact/1233399,1233399
https://app.nomination.fr/contact/1233648,1233648
https://app.nomination.fr/contact/1233709,1233709
https://app.nomination.fr/contact/1233875,1233875
https://app.nomination.fr/contact/1233908,1233908
https://app.nomination.fr/contact/1233975,1233975
https://app.nomination.fr/contact/1234417,1234417
https://app.nomination.fr/contact/1234537,1234537
https://app.nomination.fr/contact/1234678,1234678
https://app.nomination.fr/contact/1234707,1234707
https://app.nomination.fr/contact/1234991,1234991
https://app.nomination.fr/contact/1235110,1235110
https://app.nomination.fr/contact/1235282,1235282
https://app.nomination.fr/contact/1235449,1235449
https://app.nomination.fr/contact/1235519,1235519
https://app.nomination.fr/contact/1235757,1235757
https://app.nomination.fr/contact/1235790,1235790
https://app.nomination.fr/contact/1235814,1235814
https://app.nomination.fr/contact/1235841,1235841
https://app.nomination.fr/contact/1235848,1235848
https://app.nomination.fr/contact/1235865,1235865
https://app.nomination.fr/contact/1235906,1235906
https://app.nomination.fr/contact/1235950,1235950
https://app.nomination.fr/contact/1235967,1235967
https://app.nomination.fr/contact/1236028,1236028
https://app.nomination.fr/contact/1236032,1236032
https://app.nomination.fr/contact/1236133,1236133
https://app.nomination.fr/contact/1236290,1236290
https://app.nomination.fr/contact/1236388,1236388
https://app.nomination.fr/contact/1236407,1236407
https://app.nomination.fr/contact/1236463,1236463
https://app.nomination.fr/contact/1236715,1236715
https://app.nomination.fr/contact/1236738,1236738
https://app.nomination.fr/contact/1236801,1236801
https://app.nomination.fr/contact/1237071,1237071
https://app.nomination.fr/contact/1237247,1237247
https://app.nomination.fr/contact/1237293,1237293
https://app.nomination.fr/contact/1237755,1237755
https://app.nomination.fr/contact/1237828,1237828
https://app.nomination.fr/contact/1237879,1237879
https://app.nomination.fr/contact/1238042,1238042
https://app.nomination.fr/contact/1238160,1238160
https://app.nomination.fr/contact/1238191,1238191
https://app.nomination.fr/contact/1238451,1238451
https://app.nomination.fr/contact/1238987,1238987
https://app.nomination.fr/contact/1239132,1239132
https://app.nomination.fr/contact/1239253,1239253
https://app.nomination.fr/contact/1239300,1239300
https://app.nomination.fr/contact/1239428,1239428
https://app.nomination.fr/contact/1239447,1239447
https://app.nomination.fr/contact/1239454,1239454
https://app.nomination.fr/contact/1239457,1239457
https://app.nomination.fr/contact/1239504,1239504
https://app.nomination.fr/contact/1239575,1239575
https://app.nomination.fr/contact/1239605,1239605
https://app.nomination.fr/contact/1240086,1240086
https://app.nomination.fr/contact/1241480,1241480
https://app.nomination.fr/contact/1241683,1241683
https://app.nomination.fr/contact/1242090,1242090
https://app.nomination.fr/contact/1242115,1242115
https://app.nomination.fr/contact/1242126,1242126
https://app.nomination.fr/contact/1242134,1242134
https://app.nomination.fr/contact/1242225,1242225
https://app.nomination.fr/contact/1242921,1242921
https://app.nomination.fr/contact/1242935,1242935
https://app.nomination.fr/contact/1243217,1243217
https://app.nomination.fr/contact/1243434,1243434
https://app.nomination.fr/contact/1243621,1243621
https://app.nomination.fr/contact/1243659,1243659
https://app.nomination.fr/contact/1243868,1243868
https://app.nomination.fr/contact/1243988,1243988
https://app.nomination.fr/contact/1244153,1244153
https://app.nomination.fr/contact/1244236,1244236
https://app.nomination.fr/contact/1244334,1244334
https://app.nomination.fr/contact/1244395,1244395
https://app.nomination.fr/contact/1244539,1244539
https://app.nomination.fr/contact/1244666,1244666
https://app.nomination.fr/contact/1245017,1245017
https://app.nomination.fr/contact/1245358,1245358
https://app.nomination.fr/contact/1245641,1245641
https://app.nomination.fr/contact/1245796,1245796
https://app.nomination.fr/contact/1247284,1247284
https://app.nomination.fr/contact/1250081,1250081
https://app.nomination.fr/contact/1250376,1250376
https://app.nomination.fr/contact/1250552,1250552
https://app.nomination.fr/contact/1250865,1250865
https://app.nomination.fr/contact/1251094,1251094
https://app.nomination.fr/contact/1251200,1251200
https://app.nomination.fr/contact/1251647,1251647
https://app.nomination.fr/contact/1251904,1251904
https://app.nomination.fr/contact/1252115,1252115
https://app.nomination.fr/contact/1252230,1252230
https://app.nomination.fr/contact/1252384,1252384
https://app.nomination.fr/contact/1252417,1252417
https://app.nomination.fr/contact/1252702,1252702
https://app.nomination.fr/contact/1252930,1252930
https://app.nomination.fr/contact/1253122,1253122
https://app.nomination.fr/contact/1253202,1253202
https://app.nomination.fr/contact/1253471,1253471
https://app.nomination.fr/contact/1253526,1253526
https://app.nomination.fr/contact/1253675,1253675
https://app.nomination.fr/contact/1253706,1253706
https://app.nomination.fr/contact/1254040,1254040
https://app.nomination.fr/contact/1254708,1254708
https://app.nomination.fr/contact/1254908,1254908
https://app.nomination.fr/contact/1254944,1254944
https://app.nomination.fr/contact/1254966,1254966
https://app.nomination.fr/contact/1255144,1255144
https://app.nomination.fr/contact/1255148,1255148
https://app.nomination.fr/contact/1255457,1255457
https://app.nomination.fr/contact/1255573,1255573
https://app.nomination.fr/contact/1255574,1255574
https://app.nomination.fr/contact/1255621,1255621
https://app.nomination.fr/contact/1255673,1255673
https://app.nomination.fr/contact/1255770,1255770
https://app.nomination.fr/contact/1255836,1255836
https://app.nomination.fr/contact/1256293,1256293
https://app.nomination.fr/contact/1256434,1256434
https://app.nomination.fr/contact/1256451,1256451
https://app.nomination.fr/contact/1256582,1256582
https://app.nomination.fr/contact/1256792,1256792
https://app.nomination.fr/contact/1257146,1257146
https://app.nomination.fr/contact/1257202,1257202
https://app.nomination.fr/contact/1257645,1257645
https://app.nomination.fr/contact/1258413,1258413
https://app.nomination.fr/contact/1258700,1258700
https://app.nomination.fr/contact/1258704,1258704
https://app.nomination.fr/contact/1258728,1258728
https://app.nomination.fr/contact/1259929,1259929
